실험명,물체종류,측정조건,실제총무게_g,반복번호,표본번호,시각_s,X축힘_N,Y축힘_N,Z축힘_N,X축모멘트_Nm,Y축모멘트_Nm,Z축모멘트_Nm,작업물무게_kgf
scoop3_total133g_09211836_set1,scoop3,scoop3_total_133g,133,1,1,57.990,-1.1950494050979614,1.4630870819091797,0.5741910934448242,-1.0995277932579484e-07,1.3097761097924376e-07,0.15879829227924347,0.2829444706439972
scoop3_total133g_09211836_set1,scoop3,scoop3_total_133g,133,1,2,58.810,-1.2601114511489868,1.4250819683074951,0.5572212338447571,-1.0334799327438304e-07,1.231098849530099e-07,0.14925938844680786,0.27632078528404236
scoop3_total133g_09211836_set1,scoop3,scoop3_total_133g,133,1,3,59.630,-1.1539053916931152,1.4105892181396484,0.49075907468795776,-1.0793010574161599e-07,1.2856817477313598e-07,0.15587706863880157,0.2724519968032837
scoop3_total133g_09211836_set1,scoop3,scoop3_total_133g,133,1,4,60.450,-1.2164041996002197,1.4415814876556396,0.5470569729804993,-1.091689583176958e-07,1.3004391519189085e-07,0.15766626596450806,0.2857220768928528
scoop3_total133g_09211836_set1,scoop3,scoop3_total_133g,133,1,5,61.270,-1.1770050525665283,1.3857421875,0.6051921248435974,-1.0647582371348108e-07,1.2683580052907928e-07,0.15377673506736755,0.2786336839199066
scoop3_total133g_09211836_set1,scoop3,scoop3_total_133g,133,1,6,62.090,-1.0758455991744995,1.3608235120773315,0.535807192325592,-1.1099820085291867e-07,1.3222293659964635e-07,0.1603081226348877,0.2872319221496582
scoop3_total133g_09211836_set1,scoop3,scoop3_total_133g,133,1,7,62.914,-1.0461065769195557,1.3518275022506714,0.5380189418792725,-1.0882587275773403e-07,1.2963522522113635e-07,0.15717075765132904,0.2972760796546936
scoop3_total133g_09211836_set1,scoop3,scoop3_total_133g,133,1,8,63.730,-1.048718810081482,1.3613308668136597,0.6581854820251465,-1.1117891318690454e-07,1.3243820262687223e-07,0.16056913137435913,0.2905120551586151
scoop3_total133g_09211836_set1,scoop3,scoop3_total_133g,133,1,9,64.550,-0.9639350175857544,1.3237359523773193,0.6404162049293518,-1.105463027784026e-07,1.316846294230345e-07,0.15965548157691956,0.2871335744857788
scoop3_total133g_09211836_set1,scoop3,scoop3_total_133g,133,1,10,65.373,-0.9062644243240356,1.2960997819900513,0.5698996186256409,-1.0918746795596235e-07,1.3006595622755412e-07,0.15769299864768982,0.2846144735813141
scoop3_total133g_09211836_set1,scoop3,scoop3_total_133g,133,1,11,66.190,-0.9443244338035583,1.2956963777542114,0.6206888556480408,-1.0873580436054908e-07,1.2952793326803658e-07,0.15704068541526794,0.2945071756839752
scoop3_total133g_09211836_set1,scoop3,scoop3_total_133g,133,1,12,67.013,-0.9800990223884583,1.3093678951263428,0.6797652244567871,-1.0683931606081387e-07,1.2726880527225148e-07,0.1543017029762268,0.2926028370857239
scoop3_total133g_09211836_set1,scoop3,scoop3_total_133g,133,1,13,67.830,-0.9507865905761719,1.2964915037155151,0.6247455477714539,-1.0866541799714469e-07,1.2944408922521689e-07,0.15693902969360352,0.27702271938323975
scoop3_total133g_09211836_set1,scoop3,scoop3_total_133g,133,1,14,68.650,-0.9059666991233826,1.2639976739883423,0.5397366285324097,-1.0664650318403801e-07,1.2703911522748967e-07,0.15402323007583618,0.29431942105293274
scoop3_total133g_09211836_set1,scoop3,scoop3_total_133g,133,1,15,69.474,-0.9387708902359009,1.3296571969985962,0.6338567733764648,-1.1128306454111225e-07,1.3256227759939065e-07,0.16071954369544983,0.28725725412368774
scoop3_total133g_09211836_set1,scoop3,scoop3_total_133g,133,1,16,70.291,-0.9851062893867493,1.352168083190918,0.6520794630050659,-1.1053501225433138e-07,1.316711717436192e-07,0.1596391797065735,0.28570833802223206
scoop3_total133g_09211836_set1,scoop3,scoop3_total_133g,133,1,17,71.111,-0.9862354397773743,1.3131645917892456,0.5462101101875305,-1.1041370129305506e-07,1.3152667577287502e-07,0.15946397185325623,0.2713530957698822
scoop3_total133g_09211836_set1,scoop3,scoop3_total_133g,133,1,18,71.930,-1.0250906944274902,1.3385015726089478,0.45223745703697205,-1.0916050996456761e-07,1.3003383969589777e-07,0.1576540619134903,0.2775878608226776
scoop3_total133g_09211836_set1,scoop3,scoop3_total_133g,133,1,19,72.751,-1.0880969762802124,1.389439582824707,0.5314033031463623,-1.0972776465223433e-07,1.3070956583760562e-07,0.15847331285476685,0.28658801317214966
scoop3_total133g_09211836_set1,scoop3,scoop3_total_133g,133,1,20,73.570,-1.1669580936431885,1.4007790088653564,0.6078365445137024,-1.0981754172689762e-07,1.3081651673019223e-07,0.1586029827594757,0.28355249762535095
scoop3_total133g_09211836_set1,scoop3,scoop3_total_133g,133,2,1,75.390,-1.2250277996063232,1.4080836772918701,0.5451598763465881,-1.0494346014411349e-07,1.250104304517663e-07,0.1515636295080185,0.28268685936927795
scoop3_total133g_09211836_set1,scoop3,scoop3_total_133g,133,2,2,76.214,-1.2084665298461914,1.4478191137313843,0.516148030757904,-1.1119546172722039e-07,1.324579130823622e-07,0.16059303283691406,0.29294553399086
scoop3_total133g_09211836_set1,scoop3,scoop3_total_133g,133,2,3,77.031,-1.2403827905654907,1.4613136053085327,0.565690279006958,-1.0994219223903201e-07,1.3096500595111138e-07,0.15878300368785858,0.2789180278778076
scoop3_total133g_09211836_set1,scoop3,scoop3_total_133g,133,2,4,77.850,-1.1678924560546875,1.4123860597610474,0.4947494566440582,-1.0769419844791628e-07,1.2828715512114286e-07,0.15553635358810425,0.2873585820198059
scoop3_total133g_09211836_set1,scoop3,scoop3_total_133g,133,2,5,78.671,-1.1764417886734009,1.4174408912658691,0.5720059871673584,-1.0601678468447062e-07,1.2628899526134774e-07,0.15311376750469208,0.2901877462863922
scoop3_total133g_09211836_set1,scoop3,scoop3_total_133g,133,2,6,79.490,-1.1779385805130005,1.3952773809432983,0.6256438493728638,-1.0758710544678252e-07,1.281595842783645e-07,0.1553816944360733,0.3006729483604431
scoop3_total133g_09211836_set1,scoop3,scoop3_total_133g,133,2,7,80.313,-1.094935655593872,1.3598793745040894,0.5853843092918396,-1.1003452016211668e-07,1.3107498375575233e-07,0.15891633927822113,0.30238401889801025
scoop3_total133g_09211836_set1,scoop3,scoop3_total_133g,133,2,8,81.130,-1.095542550086975,1.3692578077316284,0.6541603803634644,-1.0908391345765267e-07,1.2994260600862617e-07,0.15754345059394836,0.27281323075294495
scoop3_total133g_09211836_set1,scoop3,scoop3_total_133g,133,2,9,81.951,-1.0417401790618896,1.3191052675247192,0.569253146648407,-1.0950415685329062e-07,1.304432117876786e-07,0.15815037488937378,0.28960391879081726
scoop3_total133g_09211836_set1,scoop3,scoop3_total_133g,133,2,10,82.771,-0.9932817220687866,1.3133667707443237,0.5740295052528381,-1.0821411677852666e-07,1.289064925913408e-07,0.15628723800182343,0.2863048315048218
scoop3_total133g_09211836_set1,scoop3,scoop3_total_133g,133,2,11,83.591,-0.9718689322471619,1.3073748350143433,0.5783071517944336,-1.0850739329271164e-07,1.292558380328046e-07,0.15671080350875854,0.2770884931087494
scoop3_total133g_09211836_set1,scoop3,scoop3_total_133g,133,2,12,84.411,-0.9256174564361572,1.2875722646713257,0.5704339146614075,-1.091390942065118e-07,1.3000833121168398e-07,0.15762312710285187,0.2845478653907776
scoop3_total133g_09211836_set1,scoop3,scoop3_total_133g,133,2,13,85.234,-0.9276934266090393,1.2900038957595825,0.6012451648712158,-1.0752755486009846e-07,1.280886436916262e-07,0.15529568493366241,0.27884289622306824
scoop3_total133g_09211836_set1,scoop3,scoop3_total_133g,133,2,14,86.051,-0.9033247232437134,1.270151972770691,0.5603116154670715,-1.0955779572441315e-07,1.3050710379047814e-07,0.1582278311252594,0.2874462902545929
scoop3_total133g_09211836_set1,scoop3,scoop3_total_133g,133,2,15,86.871,-0.9464510679244995,1.2973015308380127,0.6178273558616638,-1.0930686755727947e-07,1.3020819267239858e-07,0.15786543488502502,0.2886973023414612
scoop3_total133g_09211836_set1,scoop3,scoop3_total_133g,133,2,16,87.690,-0.9837229251861572,1.3309662342071533,0.6811531782150269,-1.115003129825709e-07,1.3282105726375448e-07,0.16103330254554749,0.29978176951408386
scoop3_total133g_09211836_set1,scoop3,scoop3_total_133g,133,2,17,88.510,-0.9915836453437805,1.3650375604629517,0.6300346851348877,-1.1143373512823018e-07,1.3274174648358894e-07,0.1609371453523636,0.2945626974105835
scoop3_total133g_09211836_set1,scoop3,scoop3_total_133g,133,2,18,89.334,-1.0626474618911743,1.3785635232925415,0.6547935009002686,-1.0942114414547177e-07,1.303443184497155e-07,0.15803048014640808,0.2752237915992737
scoop3_total133g_09211836_set1,scoop3,scoop3_total_133g,133,2,19,90.151,-1.0114542245864868,1.4038795232772827,0.5250640511512756,-1.1075264438886734e-07,1.3193042036618863e-07,0.15995348989963531,0.2723989188671112
scoop3_total133g_09211836_set1,scoop3,scoop3_total_133g,133,2,20,90.973,-1.048072099685669,1.401648998260498,0.4896030128002167,-1.1180161862966997e-07,1.3317998082129634e-07,0.16146846115589142,0.2825600206851959
scoop3_total133g_09211836_set1,scoop3,scoop3_total_133g,133,3,1,92.791,-1.1843793392181396,1.4228203296661377,0.5723658800125122,-1.0892686219676762e-07,1.2975552010630054e-07,0.15731661021709442,0.2738312780857086
scoop3_total133g_09211836_set1,scoop3,scoop3_total_133g,133,3,2,93.611,-1.1819745302200317,1.3979891538619995,0.49308276176452637,-1.0744620482228129e-07,1.2799173987332324e-07,0.15517818927764893,0.27757152915000916
scoop3_total133g_09211836_set1,scoop3,scoop3_total_133g,133,3,3,94.431,-1.192920446395874,1.4204888343811035,0.4939967095851898,-1.0818140339097226e-07,1.288675264277117e-07,0.15624000132083893,0.2901908755302429
scoop3_total133g_09211836_set1,scoop3,scoop3_total_133g,133,3,4,95.254,-1.271041750907898,1.4522418975830078,0.5951514840126038,-1.095645743021123e-07,1.3051517555595638e-07,0.15823762118816376,0.3058664798736572
scoop3_total133g_09211836_set1,scoop3,scoop3_total_133g,133,3,5,96.071,-1.0667355060577393,1.3479883670806885,0.6077117919921875,-1.094271553370163e-07,1.3035148072049196e-07,0.1580391675233841,0.284334659576416
scoop3_total133g_09211836_set1,scoop3,scoop3_total_133g,133,3,6,96.891,-1.0760717391967773,1.33932626247406,0.5655408501625061,-1.0622373736168811e-07,1.2653551095809235e-07,0.15341265499591827,0.2700042724609375
scoop3_total133g_09211836_set1,scoop3,scoop3_total_133g,133,3,7,97.711,-1.1230190992355347,1.4174124002456665,0.6079573035240173,-1.0829559471403627e-07,1.290035385181909e-07,0.15640491247177124,0.29050758481025696
scoop3_total133g_09211836_set1,scoop3,scoop3_total_133g,133,3,8,98.534,-1.1257171630859375,1.3709112405776978,0.6261312365531921,-1.0680972195586946e-07,1.2723354814170307e-07,0.15425896644592285,0.2840272784233093
scoop3_total133g_09211836_set1,scoop3,scoop3_total_133g,133,3,9,99.351,-1.0624643564224243,1.3391109704971313,0.6026308536529541,-1.0822786578046362e-07,1.289228634959727e-07,0.15630710124969482,0.2792304754257202
scoop3_total133g_09211836_set1,scoop3,scoop3_total_133g,133,3,10,100.171,-0.9801449775695801,1.3274534940719604,0.5502880811691284,-1.0997001709256438e-07,1.3099814566430723e-07,0.1588231921195984,0.29476118087768555
scoop3_total133g_09211836_set1,scoop3,scoop3_total_133g,133,3,11,100.991,-0.976020097732544,1.3089221715927124,0.6195210218429565,-1.064884216361861e-07,1.2685080719165853e-07,0.15379492938518524,0.28992006182670593
scoop3_total133g_09211836_set1,scoop3,scoop3_total_133g,133,3,12,101.811,-0.9852513670921326,1.3168069124221802,0.6745344400405884,-1.0892116364402682e-07,1.2974874152860139e-07,0.1573083996772766,0.28258928656578064
scoop3_total133g_09211836_set1,scoop3,scoop3_total_133g,133,3,13,102.631,-0.9369016885757446,1.2851485013961792,0.6018703579902649,-1.0881309009391771e-07,1.2961999118488166e-07,0.15715229511260986,0.2786563038825989
scoop3_total133g_09211836_set1,scoop3,scoop3_total_133g,133,3,14,103.450,-0.9110935926437378,1.260695457458496,0.5505433678627014,-1.0886878953897394e-07,1.2968634166554693e-07,0.15723274648189545,0.2892974615097046
scoop3_total133g_09211836_set1,scoop3,scoop3_total_133g,133,3,15,104.270,-0.9317789673805237,1.2859023809432983,0.6238991022109985,-1.1074111228026595e-07,1.3191667846967903e-07,0.1599368304014206,0.3017652630805969
scoop3_total133g_09211836_set1,scoop3,scoop3_total_133g,133,3,16,105.090,-0.9868665337562561,1.3096295595169067,0.6393513083457947,-1.0814238038392432e-07,1.2882104272193828e-07,0.1561836451292038,0.29512935876846313
scoop3_total133g_09211836_set1,scoop3,scoop3_total_133g,133,3,17,105.911,-0.9293481111526489,1.3341928720474243,0.5688227415084839,-1.0832418695372326e-07,1.2903760193694325e-07,0.15644621849060059,0.265088826417923
scoop3_total133g_09211836_set1,scoop3,scoop3_total_133g,133,3,18,106.730,-0.9634154438972473,1.3522042036056519,0.5634679794311523,-1.1469278149434103e-07,1.3662398146152555e-07,0.16564399003982544,0.30187517404556274
scoop3_total133g_09211836_set1,scoop3,scoop3_total_133g,133,3,19,107.550,-1.0282175540924072,1.401713252067566,0.6273555159568787,-1.1338563865592732e-07,1.3506688389952615e-07,0.16375616192817688,0.28139495849609375
scoop3_total133g_09211836_set1,scoop3,scoop3_total_133g,133,3,20,108.370,-1.0755751132965088,1.3936212062835693,0.5956374406814575,-1.0853126752863318e-07,1.2928428816394444e-07,0.1567452847957611,0.26820269227027893
scoop3_total133g_09211836_set1,scoop3,scoop3_total_133g,133,4,1,110.191,-1.1342289447784424,1.411743402481079,0.5397132039070129,-1.0863710286912465e-07,1.29410352656123e-07,0.1568981409072876,0.27428045868873596
scoop3_total133g_09211836_set1,scoop3,scoop3_total_133g,133,4,2,111.010,-1.1971055269241333,1.4114224910736084,0.5631586313247681,-1.0969144881300963e-07,1.3066630799585255e-07,0.1584208607673645,0.2597721219062805
scoop3_total133g_09211836_set1,scoop3,scoop3_total_133g,133,4,3,111.830,-1.16886305809021,1.4802193641662598,0.5215202569961548,-1.1187940884838099e-07,1.3327264980489417e-07,0.16158081591129303,0.26344791054725647
scoop3_total133g_09211836_set1,scoop3,scoop3_total_133g,133,4,4,112.650,-1.160620927810669,1.4128074645996094,0.44975826144218445,-1.0657743132469477e-07,1.2695683437868865e-07,0.15392346680164337,0.2876558005809784
scoop3_total133g_09211836_set1,scoop3,scoop3_total_133g,133,4,5,113.470,-1.2109904289245605,1.3739056587219238,0.4809594452381134,-1.0583260490193425e-07,1.2606959387539973e-07,0.1528477668762207,0.28927725553512573
scoop3_total133g_09211836_set1,scoop3,scoop3_total_133g,133,4,6,114.290,-1.2106211185455322,1.4372239112854004,0.5448077917098999,-1.0999834643143913e-07,1.3103189644425584e-07,0.1588641107082367,0.2720836102962494
scoop3_total133g_09211836_set1,scoop3,scoop3_total_133g,133,4,7,115.114,-1.1774824857711792,1.45889151096344,0.5369580388069153,-1.1045032977108349e-07,1.315703030968507e-07,0.15951687097549438,0.27657753229141235
scoop3_total133g_09211836_set1,scoop3,scoop3_total_133g,133,4,8,115.933,-1.097579836845398,1.3494442701339722,0.5300833582878113,-1.0619874757367143e-07,1.26505739217464e-07,0.15337656438350677,0.28402915596961975
scoop3_total133g_09211836_set1,scoop3,scoop3_total_133g,133,4,9,116.750,-1.0683085918426514,1.3725498914718628,0.6011508107185364,-1.0989023735419323e-07,1.3090310346797196e-07,0.15870796144008636,0.29308584332466125
scoop3_total133g_09211836_set1,scoop3,scoop3_total_133g,133,4,10,117.573,-0.9828314185142517,1.3315796852111816,0.6570465564727783,-1.0976612685453802e-07,1.307552679463697e-07,0.15852871537208557,0.2840322256088257
scoop3_total133g_09211836_set1,scoop3,scoop3_total_133g,133,4,11,118.391,-0.9675962328910828,1.3268641233444214,0.637365996837616,-1.0875866962578584e-07,1.295551612656709e-07,0.1570737063884735,0.2796715795993805
scoop3_total133g_09211836_set1,scoop3,scoop3_total_133g,133,4,12,119.213,-0.9643478989601135,1.2950160503387451,0.5502424240112305,-1.0695959673512334e-07,1.2741207910949015e-07,0.15447542071342468,0.2943703830242157
scoop3_total133g_09211836_set1,scoop3,scoop3_total_133g,133,4,13,120.029,-0.9981473088264465,1.3438464403152466,0.6481035351753235,-1.083253522438099e-07,1.2903899460070534e-07,0.1564479023218155,0.3014791011810303
scoop3_total133g_09211836_set1,scoop3,scoop3_total_133g,133,4,14,120.849,-1.0183497667312622,1.335479497909546,0.7283118367195129,-1.1066807559245717e-07,1.3182967961711256e-07,0.15983135998249054,0.27658092975616455
scoop3_total133g_09211836_set1,scoop3,scoop3_total_133g,133,4,15,121.669,-0.9729055166244507,1.3179244995117188,0.5533932447433472,-1.0990435583835279e-07,1.3091992911995476e-07,0.15872836112976074,0.2871387302875519
scoop3_total133g_09211836_set1,scoop3,scoop3_total_133g,133,4,16,122.490,-1.0328278541564941,1.3539109230041504,0.5724479556083679,-1.1211488981643924e-07,1.3355315786611754e-07,0.16192090511322021,0.2867010235786438
scoop3_total133g_09211836_set1,scoop3,scoop3_total_133g,133,4,17,123.309,-1.1053677797317505,1.385151743888855,0.6371827721595764,-1.0939229611039991e-07,1.3030995660301414e-07,0.15798881649971008,0.28970322012901306
scoop3_total133g_09211836_set1,scoop3,scoop3_total_133g,133,4,18,124.129,-1.0979481935501099,1.4197978973388672,0.6526834964752197,-1.1001436206470316e-07,1.3105096741128364e-07,0.15888723731040955,0.2841828465461731
scoop3_total133g_09211836_set1,scoop3,scoop3_total_133g,133,4,19,124.952,-1.133559226989746,1.4181784391403198,0.552593469619751,-1.1009897349367748e-07,1.3115176500377856e-07,0.1590094268321991,0.27788084745407104
scoop3_total133g_09211836_set1,scoop3,scoop3_total_133g,133,4,20,125.770,-1.1474683284759521,1.3892649412155151,0.5117261409759521,-1.0913267090018053e-07,1.300006857718472e-07,0.1576138585805893,0.28798365592956543
scoop3_total133g_09211836_set1,scoop3,scoop3_total_133g,133,5,1,127.590,-1.1942882537841797,1.4284336566925049,0.5434868335723877,-1.0682470730216664e-07,1.2725139697522536e-07,0.15428060293197632,0.27482423186302185
scoop3_total133g_09211836_set1,scoop3,scoop3_total_133g,133,5,2,128.410,-1.1951931715011597,1.4130938053131104,0.47387751936912537,-1.0567627128921231e-07,1.25883360624357e-07,0.15262198448181152,0.2706669270992279
scoop3_total133g_09211836_set1,scoop3,scoop3_total_133g,133,5,3,129.230,-1.2324047088623047,1.427324652671814,0.49497827887535095,-1.0458339261276706e-07,1.2458150422389735e-07,0.1510436087846756,0.2698097825050354
scoop3_total133g_09211836_set1,scoop3,scoop3_total_133g,133,5,4,130.049,-1.1756906509399414,1.4584087133407593,0.45604413747787476,-1.0953363727139731e-07,1.3047831259882514e-07,0.1581929475069046,0.280987024307251
scoop3_total133g_09211836_set1,scoop3,scoop3_total_133g,133,5,5,130.870,-1.2011514902114868,1.446723461151123,0.5646719336509705,-1.0919571735712452e-07,1.3007579013901704e-07,0.1577049195766449,0.27554425597190857
scoop3_total133g_09211836_set1,scoop3,scoop3_total_133g,133,5,6,131.689,-1.127163052558899,1.3848466873168945,0.539323627948761,-1.0905834102459266e-07,1.2991213793611678e-07,0.15750651061534882,0.27797967195510864
scoop3_total133g_09211836_set1,scoop3,scoop3_total_133g,133,5,7,132.510,-1.0768377780914307,1.3606493473052979,0.4957590103149414,-1.0731475441616567e-07,1.2783515046521643e-07,0.1549883484840393,0.29329586029052734
scoop3_total133g_09211836_set1,scoop3,scoop3_total_133g,133,5,8,133.330,-1.152106523513794,1.4107460975646973,0.6660659909248352,-1.0966132890644076e-07,1.3063043979855138e-07,0.15837736427783966,0.29731082916259766
scoop3_total133g_09211836_set1,scoop3,scoop3_total_133g,133,5,9,134.149,-1.094651460647583,1.3639887571334839,0.6546376347541809,-1.1146818224005983e-07,1.3278278743200644e-07,0.16098690032958984,0.2893078923225403
scoop3_total133g_09211836_set1,scoop3,scoop3_total_133g,133,5,10,134.970,-1.001781940460205,1.365918755531311,0.6611661314964294,-1.1251194109718199e-07,1.340261235327489e-07,0.16249433159828186,0.28233635425567627
scoop3_total133g_09211836_set1,scoop3,scoop3_total_133g,133,5,11,135.790,-0.933192789554596,1.287672519683838,0.5610840320587158,-1.1068635075162092e-07,1.3185145064653625e-07,0.15985773503780365,0.29275307059288025
scoop3_total133g_09211836_set1,scoop3,scoop3_total_133g,133,5,12,136.610,-0.9397485256195068,1.2880867719650269,0.6193054914474487,-1.1093604257439438e-07,1.3214889804658014e-07,0.16021835803985596,0.284873902797699
scoop3_total133g_09211836_set1,scoop3,scoop3_total_133g,133,5,13,137.430,-0.9403637647628784,1.3134499788284302,0.6571744680404663,-1.0961900187567153e-07,1.3058000547516713e-07,0.1583162397146225,0.2721976339817047
scoop3_total133g_09211836_set1,scoop3,scoop3_total_133g,133,5,14,138.250,-0.9059805274009705,1.245883584022522,0.5430428981781006,-1.0665598892956041e-07,1.2705042706784297e-07,0.15403693914413452,0.2934788465499878
scoop3_total133g_09211836_set1,scoop3,scoop3_total_133g,133,5,15,139.073,-0.9760757088661194,1.3287094831466675,0.6424044966697693,-1.10758399785027e-07,1.3193728420901607e-07,0.15996180474758148,0.2826763987541199
scoop3_total133g_09211836_set1,scoop3,scoop3_total_133g,133,5,16,139.890,-1.0032639503479004,1.3605811595916748,0.6494665145874023,-1.1176516068189812e-07,1.3313655244928668e-07,0.16141581535339355,0.2734309732913971
scoop3_total133g_09211836_set1,scoop3,scoop3_total_133g,133,5,17,140.710,-0.9590087532997131,1.2926695346832275,0.5543650984764099,-1.0910223835480792e-07,1.2996443388146872e-07,0.15756990015506744,0.29204362630844116
scoop3_total133g_09211836_set1,scoop3,scoop3_total_133g,133,5,18,141.533,-0.9591976404190063,1.2791938781738281,0.5441977977752686,-1.1026059354435347e-07,1.313442794526054e-07,0.15924285352230072,0.29528486728668213
scoop3_total133g_09211836_set1,scoop3,scoop3_total_133g,133,5,19,142.350,-1.0167453289031982,1.3416475057601929,0.6462680697441101,-1.1189546000878181e-07,1.3329176340448612e-07,0.16160398721694946,0.27749544382095337
scoop3_total133g_09211836_set1,scoop3,scoop3_total_133g,133,5,20,143.173,-1.0221678018569946,1.3374933004379272,0.578016996383667,-1.1019046297633395e-07,1.3126074804858945e-07,0.15914155542850494,0.27462008595466614
scoop3_total133g_09211836_set2,scoop3,scoop3_total_133g,133,1,1,165.699,-1.1977427005767822,1.4275703430175781,0.5437077283859253,1.1829558133058526e-07,6.359283588608378e-07,0.2089393436908722,0.2734025716781616
scoop3_total133g_09211836_set2,scoop3,scoop3_total_133g,133,1,2,166.519,-1.0937026739120483,1.357418417930603,0.5072544813156128,-1.4328929864859674e-07,1.7069561408789014e-07,0.20694765448570251,0.29496192932128906
scoop3_total133g_09211836_set2,scoop3,scoop3_total_133g,133,1,3,167.339,-1.0586339235305786,1.3195754289627075,0.6517219543457031,-1.4716917462465062e-07,1.753104186263954e-07,0.21254773437976837,0.2841300368309021
scoop3_total133g_09211836_set2,scoop3,scoop3_total_133g,133,1,4,168.159,-1.1018677949905396,1.3782085180282593,0.6318073272705078,-1.4537786796608998e-07,1.7317657352577953e-07,0.20996065437793732,0.2746027410030365
scoop3_total133g_09211836_set2,scoop3,scoop3_total_133g,133,1,5,168.982,-1.0901238918304443,1.37258780002594,0.5516908168792725,-1.458836180745493e-07,1.737790285005758e-07,0.21069107949733734,0.2740621864795685
scoop3_total133g_09211836_set2,scoop3,scoop3_total_133g,133,1,6,169.799,-1.157470941543579,1.3792105913162231,0.5314943194389343,-1.4263505931921827e-07,1.6990929907478858e-07,0.20599937438964844,0.2834087908267975
scoop3_total133g_09211836_set2,scoop3,scoop3_total_133g,133,1,7,170.619,-1.205496072769165,1.4403750896453857,0.5529630780220032,-1.4827141114892584e-07,1.7662341633695178e-07,0.21413962543010712,0.28293800354003906
scoop3_total133g_09211836_set2,scoop3,scoop3_total_133g,133,1,8,171.440,-1.2818602323532104,1.4655970335006714,0.6115010976791382,-1.4587780583497079e-07,1.737721078143295e-07,0.210682675242424,0.27493759989738464
scoop3_total133g_09211836_set2,scoop3,scoop3_total_133g,133,1,9,172.263,-1.3040251731872559,1.4404188394546509,0.47657522559165955,-1.4536418291299924e-07,1.731602736754212e-07,0.20994088053703308,0.27047988772392273
scoop3_total133g_09211836_set2,scoop3,scoop3_total_133g,133,1,10,173.080,-1.3206186294555664,1.4541376829147339,0.47229957580566406,-1.4450485252837098e-07,1.7213663738857576e-07,0.2086998075246811,0.27711617946624756
scoop3_total133g_09211836_set2,scoop3,scoop3_total_133g,133,1,11,173.899,-1.2700951099395752,1.4275219440460205,0.6076589226722717,-1.4264176684264385e-07,1.699172713642838e-07,0.20600904524326324,0.2793562114238739
scoop3_total133g_09211836_set2,scoop3,scoop3_total_133g,133,1,12,174.722,-1.0179810523986816,1.3135961294174194,0.5616159439086914,-1.4583999075057363e-07,1.737270594048823e-07,0.21062806248664856,0.2800995707511902
scoop3_total133g_09211836_set2,scoop3,scoop3_total_133g,133,1,13,175.540,-1.0458295345306396,1.3017314672470093,0.5322725772857666,-1.4441256723785045e-07,1.7202668800564425e-07,0.20856651663780212,0.2888774871826172
scoop3_total133g_09211836_set2,scoop3,scoop3_total_133g,133,1,14,176.362,-1.1625561714172363,1.395891547203064,0.565813422203064,-1.4628002986682986e-07,1.7424561349344003e-07,0.2112608402967453,0.26041391491889954
scoop3_total133g_09211836_set2,scoop3,scoop3_total_133g,133,1,15,177.180,-1.1368775367736816,1.3778916597366333,0.46459415555000305,-1.444575730147335e-07,1.720803055604847e-07,0.2086315155029297,0.26799386739730835
scoop3_total133g_09211836_set2,scoop3,scoop3_total_133g,133,1,16,178.000,-1.1210076808929443,1.3388184309005737,0.6132979393005371,-1.4339089204895572e-07,1.7080965619697963e-07,0.20709097385406494,0.2860412895679474
scoop3_total133g_09211836_set2,scoop3,scoop3_total_133g,133,1,17,178.819,-1.2046948671340942,1.414944052696228,0.5847054123878479,-1.4507979528843862e-07,1.728215011098655e-07,0.20953015983104706,0.27928340435028076
scoop3_total133g_09211836_set2,scoop3,scoop3_total_133g,133,1,18,179.640,-1.1747111082077026,1.3440881967544556,0.5784563422203064,-1.4249781088437885e-07,1.6974580319129018e-07,0.20580114424228668,0.2870371639728546
scoop3_total133g_09211836_set2,scoop3,scoop3_total_133g,133,1,19,180.458,-1.2143151760101318,1.4029780626296997,0.6042842864990234,-1.4393279457181052e-07,1.7145518427241768e-07,0.2078736275434494,0.28072914481163025
scoop3_total133g_09211836_set2,scoop3,scoop3_total_133g,133,1,20,181.282,-1.2302969694137573,1.3731542825698853,0.5389859080314636,-1.4086984378991474e-07,1.6780653311343485e-07,0.20344997942447662,0.279223769903183
scoop3_total133g_09211836_set2,scoop3,scoop3_total_133g,133,2,1,183.098,-1.189928650856018,1.39202880859375,0.46656566858291626,-1.4449885554768116e-07,1.7212948932865402e-07,0.20869114995002747,0.28185075521469116
scoop3_total133g_09211836_set2,scoop3,scoop3_total_133g,133,2,2,183.922,-1.170228123664856,1.4082685708999634,0.3838433027267456,-1.480418916344206e-07,1.76350013703086e-07,0.21380814909934998,0.26950961351394653
scoop3_total133g_09211836_set2,scoop3,scoop3_total_133g,133,2,3,184.739,-1.2259098291397095,1.4129271507263184,0.4991188943386078,-1.4642866119629616e-07,1.7442830824165867e-07,0.21147826313972473,0.2804284691810608
scoop3_total133g_09211836_set2,scoop3,scoop3_total_133g,133,2,4,185.562,-1.2127413749694824,1.4028328657150269,0.49980366230010986,-1.4218635158158577e-07,1.6937478619638568e-07,0.205351322889328,0.2890041470527649
scoop3_total133g_09211836_set2,scoop3,scoop3_total_133g,133,2,5,186.379,-1.2026156187057495,1.3980090618133545,0.5749736428260803,-1.4574305851056124e-07,1.7305515598309285e-07,0.21021604537963867,0.27333298325538635
scoop3_total133g_09211836_set2,scoop3,scoop3_total_133g,133,2,6,187.201,-1.1634407043457031,1.3650327920913696,0.5913775563240051,-1.4746966314760357e-07,1.756683616349619e-07,0.212981715798378,0.28167974948883057
scoop3_total133g_09211836_set2,scoop3,scoop3_total_133g,133,2,7,188.018,-1.1134957075119019,1.3418235778808594,0.5107017755508423,-1.4388082547611702e-07,1.7139326757842355e-07,0.2077985554933548,0.2812744975090027
scoop3_total133g_09211836_set2,scoop3,scoop3_total_133g,133,2,8,188.839,-1.1467832326889038,1.340593934059143,0.5538647174835205,-1.4112764290530322e-07,1.6811362968383037e-07,0.2038222998380661,0.28739359974861145
scoop3_total133g_09211836_set2,scoop3,scoop3_total_133g,133,2,9,189.659,-1.1449826955795288,1.3598600625991821,0.6338922381401062,-1.426991218522744e-07,1.699855971537545e-07,0.20609188079833984,0.29259949922561646
scoop3_total133g_09211836_set2,scoop3,scoop3_total_133g,133,2,10,190.479,-1.1065164804458618,1.3376200199127197,0.6315531730651855,-1.4387929070380778e-07,1.7056432000117638e-07,0.20739197731018066,0.2758195400238037
scoop3_total133g_09211836_set2,scoop3,scoop3_total_133g,133,2,11,191.299,-1.0582398176193237,1.3304282426834106,0.5618265867233276,-1.4652340496468241e-07,1.745411708498068e-07,0.21161508560180664,0.2872998118400574
scoop3_total133g_09211836_set2,scoop3,scoop3_total_133g,133,2,12,192.119,-1.0640586614608765,1.3275007009506226,0.5785821676254272,-1.4166835171636194e-07,1.687577366737969e-07,0.20460321009159088,0.29751697182655334
scoop3_total133g_09211836_set2,scoop3,scoop3_total_133g,133,2,13,192.942,-1.1001803874969482,1.3767744302749634,0.6338408589363098,-1.463043588501023e-07,1.7428023113552626e-07,0.21129871904850006,0.27471724152565
scoop3_total133g_09211836_set2,scoop3,scoop3_total_133g,133,2,14,193.759,-1.1049801111221313,1.3047208786010742,0.5787326693534851,-1.4265884829001152e-07,1.699376355190907e-07,0.20603373646736145,0.2881633937358856
scoop3_total133g_09211836_set2,scoop3,scoop3_total_133g,133,2,15,194.579,-1.08258855342865,1.3147594928741455,0.5556303858757019,-1.4253183167056704e-07,1.6978631833808322e-07,0.2058502733707428,0.2723452150821686
scoop3_total133g_09211836_set2,scoop3,scoop3_total_133g,133,2,16,195.399,-1.1221208572387695,1.3345634937286377,0.6673222780227661,-1.4300698580882454e-07,1.7010988528909365e-07,0.2064179927110672,0.2897501587867737
scoop3_total133g_09211836_set2,scoop3,scoop3_total_133g,133,2,17,196.219,-1.1911945343017578,1.3773667812347412,0.6559759974479675,-1.4685298310723738e-07,1.578879675889766e-07,0.2037576586008072,0.29595136642456055
scoop3_total133g_09211836_set2,scoop3,scoop3_total_133g,133,2,18,197.039,-1.242748737335205,1.386204719543457,0.5543397068977356,-1.3937828668986185e-07,1.6602851360403292e-07,0.20129519701004028,0.28526753187179565
scoop3_total133g_09211836_set2,scoop3,scoop3_total_133g,133,2,19,197.859,-1.1596014499664307,1.32527756690979,0.5124035477638245,-1.3928188025147392e-07,1.6591492624229431e-07,0.20115657150745392,0.27259722352027893
scoop3_total133g_09211836_set2,scoop3,scoop3_total_133g,133,2,20,198.682,-1.1943119764328003,1.3151317834854126,0.5265411734580994,-1.3630635464778607e-07,1.6237044064837391e-07,0.1968591958284378,0.2793773412704468
scoop3_total133g_09211836_set2,scoop3,scoop3_total_133g,133,3,1,200.502,-1.1832541227340698,1.3461987972259521,0.447841078042984,-1.403259375365451e-07,1.6715631545594078e-07,0.20266331732273102,0.2663000524044037
scoop3_total133g_09211836_set2,scoop3,scoop3_total_133g,133,3,2,201.322,-1.1932458877563477,1.3591760396957397,0.44494131207466125,-1.419398643065506e-07,1.690811757271149e-07,0.20499534904956818,0.28928259015083313
scoop3_total133g_09211836_set2,scoop3,scoop3_total_133g,133,3,3,202.140,-1.2579368352890015,1.4138401746749878,0.5938637256622314,-1.4160626449211122e-07,1.68683783385859e-07,0.2045135498046875,0.2741982042789459
scoop3_total133g_09211836_set2,scoop3,scoop3_total_133g,133,3,4,202.969,-1.224985122680664,1.3990269899368286,0.5223991870880127,-1.444149546614426e-07,1.7202953017658729e-07,0.2085699737071991,0.27762293815612793
scoop3_total133g_09211836_set2,scoop3,scoop3_total_133g,133,3,5,203.789,-1.1720564365386963,1.3695042133331299,0.43598416447639465,-1.4029633632617333e-07,1.6712336048385623e-07,0.2026216834783554,0.28684160113334656
scoop3_total133g_09211836_set2,scoop3,scoop3_total_133g,133,3,6,204.609,-1.1823433637619019,1.3774060010910034,0.48955124616622925,-1.3940075405116659e-07,1.6605655162038602e-07,0.20132826268672943,0.2978214621543884
scoop3_total133g_09211836_set2,scoop3,scoop3_total_133g,133,3,7,205.429,-1.1844249963760376,1.3790212869644165,0.5703024864196777,-1.4028366024376737e-07,1.671082685561487e-07,0.20260338485240936,0.29742926359176636
scoop3_total133g_09211836_set2,scoop3,scoop3_total_133g,133,3,8,206.249,-1.1851776838302612,1.343109130859375,0.6451509594917297,-1.3992989522648713e-07,1.666868740812788e-07,0.2020924687385559,0.28213903307914734
scoop3_total133g_09211836_set2,scoop3,scoop3_total_133g,133,3,9,207.069,-1.0858385562896729,1.3355998992919922,0.5271092653274536,-1.7271743502078607e-07,1.1864602100786215e-07,0.20686481893062592,0.27471619844436646
scoop3_total133g_09211836_set2,scoop3,scoop3_total_133g,133,3,10,207.892,-1.1514040231704712,1.297456979751587,0.6558253765106201,-1.372803524191113e-07,1.6353067167074187e-07,0.19826588034629822,0.2898119390010834
scoop3_total133g_09211836_set2,scoop3,scoop3_total_133g,133,3,11,208.709,-1.1452336311340332,1.3705940246582031,0.6394330263137817,-1.445821879997311e-07,1.722287521488397e-07,0.20881149172782898,0.2936324179172516
scoop3_total133g_09211836_set2,scoop3,scoop3_total_133g,133,3,12,209.529,-1.0993704795837402,1.3199496269226074,0.6140508055686951,-1.4213554777597892e-07,1.6931427637700835e-07,0.2052779644727707,0.2767087519168854
scoop3_total133g_09211836_set2,scoop3,scoop3_total_133g,133,3,13,210.349,-1.0687402486801147,1.3191864490509033,0.5425651669502258,-1.4218620947303862e-07,1.693746156661291e-07,0.20535112917423248,0.27836623787879944
scoop3_total133g_09211836_set2,scoop3,scoop3_total_133g,133,3,14,211.169,-1.09423828125,1.3162320852279663,0.609882652759552,-1.4148095317523257e-07,1.685344983570758e-07,0.20433256030082703,0.2863154113292694
scoop3_total133g_09211836_set2,scoop3,scoop3_total_133g,133,3,15,211.989,-1.1342030763626099,1.3626315593719482,0.6509714722633362,-1.438180845525494e-07,1.713185326934763e-07,0.207707941532135,0.28044769167900085
scoop3_total133g_09211836_set2,scoop3,scoop3_total_133g,133,3,16,212.808,-1.1047970056533813,1.3501380681991577,0.589024543762207,-1.4237929235605407e-07,1.6960461834969465e-07,0.20562997460365295,0.2869429886341095
scoop3_total133g_09211836_set2,scoop3,scoop3_total_133g,133,3,17,213.629,-1.0983003377914429,1.312989592552185,0.5026834607124329,-1.4127745373571088e-07,1.68291933277942e-07,0.2040385901927948,0.2856448292732239
scoop3_total133g_09211836_set2,scoop3,scoop3_total_133g,133,3,18,214.448,-1.1606652736663818,1.3179906606674194,0.5791424512863159,-1.4040871576526115e-07,1.6725722673527343e-07,0.2027839869260788,0.2731246054172516
scoop3_total133g_09211836_set2,scoop3,scoop3_total_133g,133,3,19,215.268,-1.1561686992645264,1.362922191619873,0.5775197148323059,-1.4262420222621586e-07,1.6989636719699774e-07,0.2059836983680725,0.2798667550086975
scoop3_total133g_09211836_set2,scoop3,scoop3_total_133g,133,3,20,216.088,-1.1448651552200317,1.3349612951278687,0.5130105018615723,-1.4028451289505028e-07,1.6710927752683347e-07,0.20260460674762726,0.27607545256614685
scoop3_total133g_09211836_set2,scoop3,scoop3_total_133g,133,4,1,217.911,-1.2312939167022705,1.393691062927246,0.5606176853179932,-1.4181748042574327e-07,1.6893537235773692e-07,0.20481859147548676,0.28061267733573914
scoop3_total133g_09211836_set2,scoop3,scoop3_total_133g,133,4,2,218.729,-1.2241814136505127,1.3919694423675537,0.5273789167404175,-1.423128566102605e-07,1.695254923106404e-07,0.20553404092788696,0.27268925309181213
scoop3_total133g_09211836_set2,scoop3,scoop3_total_133g,133,4,3,219.548,-1.1841477155685425,1.3679273128509521,0.43938902020454407,-1.4323236996460764e-07,1.7062082235952403e-07,0.20686204731464386,0.2731321454048157
scoop3_total133g_09211836_set2,scoop3,scoop3_total_133g,133,4,4,220.368,-1.2225878238677979,1.398287057876587,0.44912734627723694,-1.4125488689842314e-07,1.682652026602227e-07,0.20400606095790863,0.3034992516040802
scoop3_total133g_09211836_set2,scoop3,scoop3_total_133g,133,4,5,221.189,-1.1325761079788208,1.3379569053649902,0.6331167817115784,-1.4237149059681542e-07,1.695953244507109e-07,0.2056187242269516,0.2884805500507355
scoop3_total133g_09211836_set2,scoop3,scoop3_total_133g,133,4,6,222.008,-1.0400563478469849,1.301966667175293,0.659225344657898,-1.4168016093663027e-07,1.6877180541996495e-07,0.20462027192115784,0.276974618434906
scoop3_total133g_09211836_set2,scoop3,scoop3_total_133g,133,4,7,222.832,-1.14935302734375,1.3570181131362915,0.501390814781189,-1.437039287566222e-07,1.7118256323556125e-07,0.20754308998584747,0.2793548107147217
scoop3_total133g_09211836_set2,scoop3,scoop3_total_133g,133,4,8,223.648,-1.1535812616348267,1.3610471487045288,0.5329365730285645,-1.413961854268564e-07,1.6843353023432428e-07,0.20421014726161957,0.2910721004009247
scoop3_total133g_09211836_set2,scoop3,scoop3_total_133g,133,4,9,224.469,-1.1541486978530884,1.394760012626648,0.6209660172462463,-1.426536897497499e-07,1.6993149642985372e-07,0.20602628588676453,0.2857527434825897
scoop3_total133g_09211836_set2,scoop3,scoop3_total_133g,133,4,10,225.289,-1.1512242555618286,1.3764437437057495,0.6223945021629333,-1.4262271008647076e-07,1.6989459084015834e-07,0.2059815376996994,0.2967292070388794
scoop3_total133g_09211836_set2,scoop3,scoop3_total_133g,133,4,11,226.108,-1.1352365016937256,1.3630739450454712,0.6315052509307861,-1.4101915724040737e-07,1.6798439617105032e-07,0.2036656141281128,0.28043991327285767
scoop3_total133g_09211836_set2,scoop3,scoop3_total_133g,133,4,12,226.929,-1.0874974727630615,1.3478903770446777,0.5843313932418823,-1.4387374847046885e-07,1.7138484054157743e-07,0.20778833329677582,0.2983751893043518
scoop3_total133g_09211836_set2,scoop3,scoop3_total_133g,133,4,13,227.749,-1.0961116552352905,1.3365830183029175,0.6467692255973816,-1.4443152451804053e-07,1.7204750690780202e-07,0.20859304070472717,0.29658806324005127
scoop3_total133g_09211836_set2,scoop3,scoop3_total_133g,133,4,14,228.568,-1.1189990043640137,1.3671969175338745,0.6607613563537598,-1.4307180151718057e-07,1.704295442550574e-07,0.20663012564182281,0.27931976318359375
scoop3_total133g_09211836_set2,scoop3,scoop3_total_133g,133,4,15,229.392,-1.1053872108459473,1.3345891237258911,0.5324400067329407,-1.4364222522544878e-07,1.711090504841195e-07,0.20745396614074707,0.2780288755893707
scoop3_total133g_09211836_set2,scoop3,scoop3_total_133g,133,4,16,230.209,-1.0931800603866577,1.333774209022522,0.5653347969055176,-1.4354431243646104e-07,1.7099240778861713e-07,0.20731255412101746,0.28096604347229004
scoop3_total133g_09211836_set2,scoop3,scoop3_total_133g,133,4,17,231.029,-1.0917309522628784,1.3392277956008911,0.5677595138549805,-1.4142121074200986e-07,1.6846334460751677e-07,0.20424629747867584,0.2958454489707947
scoop3_total133g_09211836_set2,scoop3,scoop3_total_133g,133,4,18,231.852,-1.1437631845474243,1.3579012155532837,0.6218160390853882,-1.413262680216576e-07,1.6835024041483848e-07,0.20410914719104767,0.28913164138793945
scoop3_total133g_09211836_set2,scoop3,scoop3_total_133g,133,4,19,232.669,-1.160865068435669,1.3581162691116333,0.5891845226287842,-1.3958067768271576e-07,1.6627086552034598e-07,0.20158810913562775,0.26927846670150757
scoop3_total133g_09211836_set2,scoop3,scoop3_total_133g,133,4,20,233.489,-1.1347205638885498,1.359451413154602,0.5017443895339966,-1.427393243602637e-07,1.7003348773414473e-07,0.20614995062351227,0.2838604152202606
scoop3_total133g_09211836_set2,scoop3,scoop3_total_133g,133,5,1,235.309,-1.116322636604309,1.3389183282852173,0.44890448451042175,-1.4262268166476133e-07,1.698945482075942e-07,0.20598149299621582,0.26671504974365234
scoop3_total133g_09211836_set2,scoop3,scoop3_total_133g,133,5,2,236.129,-1.1622722148895264,1.3907277584075928,0.46164530515670776,-1.437830121631123e-07,1.712767527806136e-07,0.20765729248523712,0.28775301575660706
scoop3_total133g_09211836_set2,scoop3,scoop3_total_133g,133,5,3,236.949,-1.2301579713821411,1.407596468925476,0.559745192527771,-1.4373574686032953e-07,1.7122044937423198e-07,0.2075890302658081,0.28550395369529724
scoop3_total133g_09211836_set2,scoop3,scoop3_total_133g,133,5,4,237.769,-1.2681307792663574,1.44985830783844,0.532166063785553,-1.4724672325883148e-07,1.7519965922474512e-07,0.21256041526794434,0.2717844247817993
scoop3_total133g_09211836_set2,scoop3,scoop3_total_133g,133,5,5,238.590,-1.182030200958252,1.3930202722549438,0.4334767758846283,-1.4381669188878732e-07,1.7131688423432934e-07,0.20770594477653503,0.27736490964889526
scoop3_total133g_09211836_set2,scoop3,scoop3_total_133g,133,5,6,239.409,-1.1613469123840332,1.3792644739151,0.4994760751724243,-1.4335569176182617e-07,1.705380725525174e-07,0.20692786574363708,0.28989532589912415
scoop3_total133g_09211836_set2,scoop3,scoop3_total_133g,133,5,7,240.229,-1.156723976135254,1.3811918497085571,0.5645822882652283,-1.4604133014017862e-07,1.7306318511600693e-07,0.2104770392179489,0.28028741478919983
scoop3_total133g_09211836_set2,scoop3,scoop3_total_133g,133,5,8,241.049,-1.1525299549102783,1.3746352195739746,0.5215890407562256,-1.425904088137031e-07,1.6985610784558958e-07,0.20593488216400146,0.270897775888443
scoop3_total133g_09211836_set2,scoop3,scoop3_total_133g,133,5,9,241.869,-1.0595988035202026,1.3271969556808472,0.4822239577770233,-1.421644242327602e-07,1.6934866664541914e-07,0.20531967282295227,0.2765864431858063
scoop3_total133g_09211836_set2,scoop3,scoop3_total_133g,133,5,10,242.689,-1.0408326387405396,1.3198961019515991,0.614960253238678,-1.406288134830902e-07,1.6751943121562363e-07,0.20310187339782715,0.2907690107822418
scoop3_total133g_09211836_set2,scoop3,scoop3_total_133g,133,5,11,243.509,-1.052385687828064,1.3174608945846558,0.6311739683151245,-1.4371519796441135e-07,1.711959782824124e-07,0.20755934715270996,0.27726733684539795
scoop3_total133g_09211836_set2,scoop3,scoop3_total_133g,133,5,12,244.331,-1.0023547410964966,1.2734947204589844,0.5867714881896973,-1.4305915385648404e-07,1.704144807490593e-07,0.20661187171936035,0.2800651788711548
scoop3_total133g_09211836_set2,scoop3,scoop3_total_133g,133,5,13,245.151,-0.9627569317817688,1.2544398307800293,0.5334812998771667,-1.429309435252435e-07,1.7026175669343502e-07,0.2064266949892044,0.28847938776016235
scoop3_total133g_09211836_set2,scoop3,scoop3_total_133g,133,5,14,245.968,-1.0222792625427246,1.2909678220748901,0.6454294323921204,-1.4148785965062416e-07,1.685427406528106e-07,0.2043425440788269,0.30080538988113403
scoop3_total133g_09211836_set2,scoop3,scoop3_total_133g,133,5,15,246.788,-1.0244784355163574,1.288373351097107,0.6391421556472778,-1.4231302714051708e-07,1.695256770517517e-07,0.20553427934646606,0.2848496437072754
scoop3_total133g_09211836_set2,scoop3,scoop3_total_133g,133,5,16,247.608,-1.0000320672988892,1.2849557399749756,0.5465499758720398,-1.5567664490845345e-07,1.4548477622611244e-07,0.20529884099960327,0.2757418155670166
scoop3_total133g_09211836_set2,scoop3,scoop3_total_133g,133,5,17,248.428,-1.0169627666473389,1.2882527112960815,0.5540465116500854,-1.4302402462362807e-07,1.7037262978192302e-07,0.2065611332654953,0.2880167067050934
scoop3_total133g_09211836_set2,scoop3,scoop3_total_133g,133,5,18,249.248,-1.0613465309143066,1.2971441745758057,0.6166064143180847,-1.4304278295185213e-07,1.6991117490761098e-07,0.20635169744491577,0.289124459028244
scoop3_total133g_09211836_set2,scoop3,scoop3_total_133g,133,5,19,250.068,-1.1157019138336182,1.3142091035842896,0.573707640171051,-1.4110216284279886e-07,1.680832752981587e-07,0.2037854939699173,0.2626189887523651
scoop3_total133g_09211836_set2,scoop3,scoop3_total_133g,133,5,20,250.891,-1.13810133934021,1.3642444610595703,0.4846853017807007,-1.4105904710959294e-07,1.6803191726921796e-07,0.2037232220172882,0.27963653206825256
scoop3_total133g_09211836_set3,scoop3,scoop3_total_133g,133,1,1,262.488,-1.1853784322738647,1.4671704769134521,0.6463355422019958,-1.0640121672622627e-07,1.267469258436904e-07,0.15366896986961365,0.28204676508903503
scoop3_total133g_09211836_set3,scoop3,scoop3_total_133g,133,1,2,263.308,-1.1140364408493042,1.4436590671539307,0.580456018447876,-1.0525180726972394e-07,1.253777242027354e-07,0.15200895071029663,0.2902810573577881
scoop3_total133g_09211836_set3,scoop3,scoop3_total_133g,133,1,3,264.128,-1.0916460752487183,1.4001953601837158,0.5611721873283386,-1.0434104780188136e-07,1.2429282492121274e-07,0.1506935954093933,0.2961980104446411
scoop3_total133g_09211836_set3,scoop3,scoop3_total_133g,133,1,4,264.948,-1.1469552516937256,1.4367340803146362,0.6673034429550171,-1.051492191095349e-07,1.2525552506303939e-07,0.1518607884645462,0.2888036072254181
scoop3_total133g_09211836_set3,scoop3,scoop3_total_133g,133,1,5,265.769,-1.139831304550171,1.4881784915924072,0.6459548473358154,-1.0655934801206968e-07,1.269352907229404e-07,0.15389735996723175,0.2790800631046295
scoop3_total133g_09211836_set3,scoop3,scoop3_total_133g,133,1,6,266.588,-1.1710498332977295,1.462336540222168,0.5895914435386658,-1.0583811160813639e-07,1.2607614507942344e-07,0.15285572409629822,0.2815273106098175
scoop3_total133g_09211836_set3,scoop3,scoop3_total_133g,133,1,7,267.408,-1.2268511056900024,1.4800323247909546,0.5608069896697998,-1.0700119190687474e-07,1.2746163235988206e-07,0.15453548729419708,0.2879708707332611
scoop3_total133g_09211836_set3,scoop3,scoop3_total_133g,133,1,8,268.229,-1.2805769443511963,1.528483510017395,0.6122079491615295,-1.0509755554721778e-07,1.2382400882415823e-07,0.15111641585826874,0.2851882576942444
scoop3_total133g_09211836_set3,scoop3,scoop3_total_133g,133,1,9,269.048,-1.264499306678772,1.510311484336853,0.5854241847991943,-1.0833325347903155e-07,1.290484021865268e-07,0.15645931661128998,0.27220097184181213
scoop3_total133g_09211836_set3,scoop3,scoop3_total_133g,133,1,10,269.868,-1.2509843111038208,1.517027735710144,0.49621111154556274,-1.0916131998328638e-07,1.300348060340184e-07,0.15765522420406342,0.2864069640636444
scoop3_total133g_09211836_set3,scoop3,scoop3_total_133g,133,1,11,270.688,-1.2654528617858887,1.5356827974319458,0.5672896504402161,-1.0687540452636313e-07,1.2731179310776497e-07,0.1543538123369217,0.28227943181991577
scoop3_total133g_09211836_set3,scoop3,scoop3_total_133g,133,1,12,271.508,-1.2482856512069702,1.5510103702545166,0.550540030002594,-1.0636709646405507e-07,1.2670628279920493e-07,0.1536197066307068,0.2804117798805237
scoop3_total133g_09211836_set3,scoop3,scoop3_total_133g,133,1,13,272.329,-1.2989670038223267,1.540989875793457,0.5704548954963684,-1.037203745113402e-07,1.235534625720902e-07,0.1497972011566162,0.27479106187820435
scoop3_total133g_09211836_set3,scoop3,scoop3_total_133g,133,1,14,273.149,-1.2751390933990479,1.5195893049240112,0.5499485731124878,-1.032150720448044e-07,1.2295154760977312e-07,0.14906741678714752,0.2681637108325958
scoop3_total133g_09211836_set3,scoop3,scoop3_total_133g,133,1,15,273.969,-1.1997040510177612,1.4677138328552246,0.48972755670547485,-1.0349872070491983e-07,1.2328942489148176e-07,0.14947707951068878,0.27148762345314026
scoop3_total133g_09211836_set3,scoop3,scoop3_total_133g,133,1,16,274.789,-1.261547327041626,1.5026718378067017,0.47328224778175354,-1.041479151808744e-07,1.2406275118337362e-07,0.15041466057300568,0.28084540367126465
scoop3_total133g_09211836_set3,scoop3,scoop3_total_133g,133,1,17,275.608,-1.1821613311767578,1.475258708000183,0.46635952591896057,-1.0595009314329218e-07,1.2620954237263504e-07,0.15301744639873505,0.2808690071105957
scoop3_total133g_09211836_set3,scoop3,scoop3_total_133g,133,1,18,276.428,-1.06978440284729,1.4260884523391724,0.5439823865890503,-1.0685830176271338e-07,1.2728877152312634e-07,0.15432782471179962,0.28114309906959534
scoop3_total133g_09211836_set3,scoop3,scoop3_total_133g,133,1,19,277.248,-1.0138658285140991,1.4117542505264282,0.5658648014068604,-1.0841403508266012e-07,1.2914463809465815e-07,0.1565759778022766,0.27418166399002075
scoop3_total133g_09211836_set3,scoop3,scoop3_total_133g,133,1,20,278.068,-1.065008521080017,1.4289990663528442,0.5422380566596985,-1.0817065998480757e-07,1.288547224476133e-07,0.15622448921203613,0.2952400743961334
scoop3_total133g_09211836_set3,scoop3,scoop3_total_133g,133,2,1,279.888,-1.2624582052230835,1.534403681755066,0.6108444333076477,-1.0601608124716222e-07,1.2628815682091954e-07,0.1531127542257309,0.2816728949546814
scoop3_total133g_09211836_set3,scoop3,scoop3_total_133g,133,2,2,280.708,-1.3684206008911133,1.565599799156189,0.587473452091217,-1.0581468501413838e-07,1.260482491716175e-07,0.152821883559227,0.2821256220340729
scoop3_total133g_09211836_set3,scoop3,scoop3_total_133g,133,2,3,281.528,-1.3765164613723755,1.5675089359283447,0.5448241233825684,-1.0641205960837397e-07,1.2675984351062652e-07,0.15368463099002838,0.2714337110519409
scoop3_total133g_09211836_set3,scoop3,scoop3_total_133g,133,2,4,282.348,-1.3472068309783936,1.5731046199798584,0.4572296142578125,-1.0570831676659509e-07,1.2592153098012204e-07,0.15266826748847961,0.2627268433570862
scoop3_total133g_09211836_set3,scoop3,scoop3_total_133g,133,2,5,283.168,-1.3615894317626953,1.5794612169265747,0.47056108713150024,-1.0543935502482782e-07,1.2560114726056781e-07,0.1522798240184784,0.2802650034427643
scoop3_total133g_09211836_set3,scoop3,scoop3_total_133g,133,2,6,283.988,-1.4399940967559814,1.604423999786377,0.5936943292617798,-1.076774864827712e-07,1.2826724571368686e-07,0.1555122286081314,0.28403568267822266
scoop3_total133g_09211836_set3,scoop3,scoop3_total_133g,133,2,7,284.808,-1.3331212997436523,1.5528002977371216,0.5394452810287476,-1.0351615031822803e-07,1.2331018695022067e-07,0.1495022475719452,0.27806398272514343
scoop3_total133g_09211836_set3,scoop3,scoop3_total_133g,133,2,8,285.628,-1.1756274700164795,1.4758788347244263,0.5197476744651794,-1.078573887980383e-07,1.284815454027921e-07,0.15577204525470734,0.2918095886707306
scoop3_total133g_09211836_set3,scoop3,scoop3_total_133g,133,2,9,286.448,-1.124918818473816,1.4427908658981323,0.6325400471687317,-1.0734483879559775e-07,1.2787099024080817e-07,0.15503180027008057,0.2892465889453888
scoop3_total133g_09211836_set3,scoop3,scoop3_total_133g,133,2,10,287.268,-1.2228660583496094,1.5038745403289795,0.6596630215644836,-1.1090074991670917e-07,1.3210684812747786e-07,0.160167396068573,0.2796309292316437
scoop3_total133g_09211836_set3,scoop3,scoop3_total_133g,133,2,11,288.088,-1.2785507440567017,1.5387952327728271,0.5455575585365295,-2.474895097748231e-07,-1.1793986232078169e-07,0.1556459665298462,0.2761194109916687
scoop3_total133g_09211836_set3,scoop3,scoop3_total_133g,133,2,12,288.908,-1.3063987493515015,1.535181999206543,0.44206270575523376,-1.0490929014395078e-07,1.249695742444601e-07,0.1515142172574997,0.2841801047325134
scoop3_total133g_09211836_set3,scoop3,scoop3_total_133g,133,2,13,289.728,-1.2290489673614502,1.5019338130950928,0.5276448130607605,-1.0721883825226541e-07,1.277208951933062e-07,0.1548498123884201,0.2743258476257324
scoop3_total133g_09211836_set3,scoop3,scoop3_total_133g,133,2,14,290.548,-1.3235504627227783,1.5463833808898926,0.5468694567680359,-1.0844092912520864e-07,1.2917666936118621e-07,0.15661482512950897,0.2839509844779968
scoop3_total133g_09211836_set3,scoop3,scoop3_total_133g,133,2,15,291.368,-1.1755986213684082,1.4939353466033936,0.5596320629119873,-1.0796120619716021e-07,1.286052082605238e-07,0.15592198073863983,0.2889198064804077
scoop3_total133g_09211836_set3,scoop3,scoop3_total_133g,133,2,16,292.188,-1.0306286811828613,1.3735501766204834,0.5582804083824158,-1.0572077968618032e-07,1.2593638132329943e-07,0.15268626809120178,0.2971729636192322
scoop3_total133g_09211836_set3,scoop3,scoop3_total_133g,133,2,17,293.008,-1.0771650075912476,1.3988721370697021,0.6053366661071777,-1.0288346175002516e-07,1.2255651427039993e-07,0.14858849346637726,0.2887418866157532
scoop3_total133g_09211836_set3,scoop3,scoop3_total_133g,133,2,18,293.828,-1.1090115308761597,1.4333226680755615,0.6349995136260986,-1.0674816763867057e-07,1.2716022013137263e-07,0.15417006611824036,0.27940794825553894
scoop3_total133g_09211836_set3,scoop3,scoop3_total_133g,133,2,19,294.648,-1.050004482269287,1.4200276136398315,0.5416439771652222,-1.0612638590146162e-07,1.264195503836163e-07,0.15327206254005432,0.2850264608860016
scoop3_total133g_09211836_set3,scoop3,scoop3_total_133g,133,2,20,295.469,-1.1261472702026367,1.471958875656128,0.5322310924530029,-1.0815996631663438e-07,1.2884197531093378e-07,0.1562090367078781,0.31698673963546753
scoop3_total133g_09211836_set3,scoop3,scoop3_total_133g,133,3,1,297.288,-1.2739769220352173,1.510890245437622,0.5490249395370483,-1.0478127165924889e-07,1.2481723388191313e-07,0.1513293981552124,0.26902666687965393
scoop3_total133g_09211836_set3,scoop3,scoop3_total_133g,133,3,2,298.111,-1.3348445892333984,1.5228968858718872,0.45875856280326843,-1.057362339906831e-07,1.2525229919901903e-07,0.15236514806747437,0.27647635340690613
scoop3_total133g_09211836_set3,scoop3,scoop3_total_133g,133,3,3,298.928,-1.3033617734909058,1.5459778308868408,0.46294474601745605,-1.1457775173084883e-07,1.0515186232851192e-07,0.15015864372253418,0.2966521978378296
scoop3_total133g_09211836_set3,scoop3,scoop3_total_133g,133,3,4,299.748,-1.2394357919692993,1.4344240427017212,0.6789501309394836,-1.0167489250534345e-07,1.2111684100091225e-07,0.14684303104877472,0.31295764446258545
scoop3_total133g_09211836_set3,scoop3,scoop3_total_133g,133,3,5,300.568,-1.1354378461837769,1.4280149936676025,0.6697613596916199,-1.0561609542492079e-07,1.2581168107317353e-07,0.1525350660085678,0.27059316635131836
scoop3_total133g_09211836_set3,scoop3,scoop3_total_133g,133,3,6,301.388,-1.2320376634597778,1.4145910739898682,0.5064805746078491,-9.980715987012445e-08,1.1889198248127286e-07,0.14414557814598083,0.28360316157341003
scoop3_total133g_09211836_set3,scoop3,scoop3_total_133g,133,3,7,302.211,-1.3107702732086182,1.5372930765151978,0.5203239917755127,-1.0227551427988146e-07,1.2183232911411324e-07,0.14771047234535217,0.26522499322891235
scoop3_total133g_09211836_set3,scoop3,scoop3_total_133g,133,3,8,303.031,-1.2698066234588623,1.483128547668457,0.6441338062286377,-1.0131201122476341e-07,1.2068457522218523e-07,0.1463189423084259,0.2688750922679901
scoop3_total133g_09211836_set3,scoop3,scoop3_total_133g,133,3,9,303.848,-1.2199311256408691,1.4850410223007202,0.5299375057220459,-1.0441878117717351e-07,1.24385422850537e-07,0.15080586075782776,0.2702960669994354
scoop3_total133g_09211836_set3,scoop3,scoop3_total_133g,133,3,10,304.668,-1.2502654790878296,1.4864429235458374,0.5291921496391296,-1.0422879626048598e-07,1.241591007783427e-07,0.15053148567676544,0.2887420952320099
scoop3_total133g_09211836_set3,scoop3,scoop3_total_133g,133,3,11,305.491,-1.2748117446899414,1.4989659786224365,0.5320456624031067,-1.0419772422665119e-07,1.241220957126643e-07,0.15048660337924957,0.28742626309394836
scoop3_total133g_09211836_set3,scoop3,scoop3_total_133g,133,3,12,306.308,-1.3161152601242065,1.5471086502075195,0.5844832062721252,-1.051027140874794e-07,1.2520013115135953e-07,0.15179362893104553,0.27310290932655334
scoop3_total133g_09211836_set3,scoop3,scoop3_total_133g,133,3,13,307.128,-1.3164606094360352,1.5564688444137573,0.5038384795188904,-1.0713122122751884e-07,1.2761651646542305e-07,0.15472328662872314,0.2697552442550659
scoop3_total133g_09211836_set3,scoop3,scoop3_total_133g,133,3,14,307.947,-1.2636638879776,1.5295041799545288,0.4587577283382416,-1.051154328024495e-07,1.2521527992248593e-07,0.15181200206279755,0.2786634862422943
scoop3_total133g_09211836_set3,scoop3,scoop3_total_133g,133,3,15,308.770,-1.2961013317108154,1.5171196460723877,0.5352376103401184,-1.0432410846306084e-07,1.2427264550751715e-07,0.150669127702713,0.28364482522010803
scoop3_total133g_09211836_set3,scoop3,scoop3_total_133g,133,3,16,309.587,-1.2828203439712524,1.5289522409439087,0.5500417947769165,-1.0533161542980451e-07,1.2547158689812932e-07,0.15212363004684448,0.26937437057495117
scoop3_total133g_09211836_set3,scoop3,scoop3_total_133g,133,3,17,310.410,-1.2214311361312866,1.490194320678711,0.48953214287757874,-1.0712287945580101e-07,1.2760658307797712e-07,0.15471123158931732,0.24851730465888977
scoop3_total133g_09211836_set3,scoop3,scoop3_total_133g,133,3,18,311.231,-1.2373080253601074,1.4856655597686768,0.4813004732131958,-1.0443136488902383e-07,1.2440041530226154e-07,0.15082404017448425,0.2885357737541199
scoop3_total133g_09211836_set3,scoop3,scoop3_total_133g,133,3,19,312.048,-1.229900598526001,1.501448392868042,0.586778461933136,-1.056858920378545e-07,1.2589482878411218e-07,0.15263588726520538,0.2872406542301178
scoop3_total133g_09211836_set3,scoop3,scoop3_total_133g,133,3,20,312.867,-1.1978029012680054,1.47910737991333,0.5834646821022034,-1.0433500108320004e-07,1.2428562001787213e-07,0.15068486332893372,0.27324989438056946
scoop3_total133g_09211836_set3,scoop3,scoop3_total_133g,133,4,1,314.687,-1.10859215259552,1.4313372373580933,0.512973964214325,-1.0342267842133879e-07,1.2319884490352706e-07,0.14936724305152893,0.28440216183662415
scoop3_total133g_09211836_set3,scoop3,scoop3_total_133g,133,4,2,315.510,-1.161363959312439,1.466676950454712,0.6503209471702576,-1.0594060739776978e-07,1.2619824474313646e-07,0.1530037522315979,0.27192869782447815
scoop3_total133g_09211836_set3,scoop3,scoop3_total_133g,133,4,3,316.328,-1.104410171508789,1.4314030408859253,0.6321651935577393,-1.060838386024443e-07,1.2636886026484717e-07,0.1532106101512909,0.28299808502197266
scoop3_total133g_09211836_set3,scoop3,scoop3_total_133g,133,4,4,317.147,-1.066297173500061,1.4201716184616089,0.5699490904808044,-1.0668648542377923e-07,1.2708675001249503e-07,0.15408097207546234,0.30359596014022827
scoop3_total133g_09211836_set3,scoop3,scoop3_total_133g,133,4,5,317.968,-1.1491649150848389,1.4230799674987793,0.6483616232872009,-1.0368775349434145e-07,1.2351461009529885e-07,0.14975008368492126,0.2994909882545471
scoop3_total133g_09211836_set3,scoop3,scoop3_total_133g,133,4,6,318.787,-1.1567877531051636,1.4649238586425781,0.6340371370315552,-1.063286632074778e-07,1.2666050963616726e-07,0.1535641998052597,0.29071152210235596
scoop3_total133g_09211836_set3,scoop3,scoop3_total_133g,133,4,7,319.607,-1.1786175966262817,1.5031846761703491,0.6524267196655273,-1.085039471604432e-07,1.2865483256518928e-07,0.15641401708126068,0.2646981477737427
scoop3_total133g_09211836_set3,scoop3,scoop3_total_133g,133,4,8,320.428,-1.2176189422607422,1.4799847602844238,0.6211183667182922,-1.0661253213584132e-07,1.269986569241155e-07,0.15397417545318604,0.30718284845352173
scoop3_total133g_09211836_set3,scoop3,scoop3_total_133g,133,4,9,321.250,-1.2211824655532837,1.4644827842712402,0.6021113395690918,-1.042321287059167e-07,1.2416306560680823e-07,0.15053628385066986,0.31408098340034485
scoop3_total133g_09211836_set3,scoop3,scoop3_total_133g,133,4,10,322.071,-1.2476712465286255,1.4956765174865723,0.6206560730934143,-1.054038136771851e-07,1.255587989135165e-07,0.1522284895181656,0.3032398819923401
scoop3_total133g_09211836_set3,scoop3,scoop3_total_133g,133,4,11,322.887,-1.2016836404800415,1.4934488534927368,0.43286752700805664,-1.049716615852958e-07,1.2504402491231303e-07,0.15160435438156128,0.24895299971103668
scoop3_total133g_09211836_set3,scoop3,scoop3_total_133g,133,4,12,323.707,-1.2928940057754517,1.5423705577850342,0.6196001768112183,-1.06192182158793e-07,1.2649792324737064e-07,0.1533670723438263,0.2872697710990906
scoop3_total133g_09211836_set3,scoop3,scoop3_total_133g,133,4,13,324.528,-1.2939479351043701,1.5407590866088867,0.542182981967926,-1.0600873423527446e-07,1.2627940293441497e-07,0.15310214459896088,0.27657967805862427
scoop3_total133g_09211836_set3,scoop3,scoop3_total_133g,133,4,14,325.347,-1.3092458248138428,1.5326502323150635,0.5276116132736206,-1.0421691598594407e-07,1.2414494676704635e-07,0.15051431953907013,0.27513381838798523
scoop3_total133g_09211836_set3,scoop3,scoop3_total_133g,133,4,15,326.168,-1.3062217235565186,1.5399142503738403,0.5270279049873352,-1.0659058347073369e-07,1.2697250895143952e-07,0.15394246578216553,0.2643703520298004
scoop3_total133g_09211836_set3,scoop3,scoop3_total_133g,133,4,16,326.987,-1.29725182056427,1.5253950357437134,0.582984209060669,-1.0614396472874432e-07,1.264404829726118e-07,0.15329745411872864,0.29980653524398804
scoop3_total133g_09211836_set3,scoop3,scoop3_total_133g,133,4,17,327.807,-1.2752424478530884,1.5142126083374023,0.44714251160621643,-1.073344080282368e-07,1.2785855574293237e-07,0.1550167202949524,0.28665047883987427
scoop3_total133g_09211836_set3,scoop3,scoop3_total_133g,133,4,18,328.628,-1.2749422788619995,1.545194149017334,0.5668710470199585,-1.0759665514115113e-07,1.2817095296213665e-07,0.1553954780101776,0.2748190462589264
scoop3_total133g_09211836_set3,scoop3,scoop3_total_133g,133,4,19,329.450,-1.1945629119873047,1.4804824590682983,0.46143582463264465,-1.0396131244760909e-07,1.2384047920477315e-07,0.15014517307281494,0.2769533395767212
scoop3_total133g_09211836_set3,scoop3,scoop3_total_133g,133,4,20,330.268,-1.1728111505508423,1.460601568222046,0.5125904679298401,-1.0509408099323991e-07,1.251554238024255e-07,0.15176433324813843,0.3051908314228058
scoop3_total133g_09211836_set3,scoop3,scoop3_total_133g,133,5,1,332.088,-1.1387927532196045,1.471044898033142,0.5688525438308716,-1.0809684880541681e-07,1.2876679988949036e-07,0.15611788630485535,0.27428948879241943
scoop3_total133g_09211836_set3,scoop3,scoop3_total_133g,133,5,2,332.907,-1.086967945098877,1.437177062034607,0.5563260316848755,-1.0634549596488796e-07,1.266805611521704e-07,0.15358850359916687,0.2999195158481598
scoop3_total133g_09211836_set3,scoop3,scoop3_total_133g,133,5,3,333.728,-1.104591965675354,1.4343106746673584,0.627039909362793,-1.054339122674719e-07,1.2559466711081768e-07,0.15227195620536804,0.29662489891052246
scoop3_total133g_09211836_set3,scoop3,scoop3_total_133g,133,5,4,334.551,-1.111737608909607,1.4328519105911255,0.6779685020446777,-1.036052594827197e-07,1.2341634203494323e-07,0.14963094890117645,0.2767350673675537
scoop3_total133g_09211836_set3,scoop3,scoop3_total_133g,133,5,5,335.368,-1.0792834758758545,1.4087122678756714,0.5794083476066589,-1.0587899623715202e-07,1.2612485988938715e-07,0.15291476249694824,0.2800257205963135
scoop3_total133g_09211836_set3,scoop3,scoop3_total_133g,133,5,6,336.188,-1.1133610010147095,1.4271173477172852,0.6034241318702698,-1.0618283852181776e-07,1.2648679614812863e-07,0.15335358679294586,0.3062691390514374
scoop3_total133g_09211836_set3,scoop3,scoop3_total_133g,133,5,7,337.008,-1.1697145700454712,1.4300932884216309,0.5941539406776428,-1.0369249281438897e-07,1.2352025180462078e-07,0.14975692331790924,0.2791053354740143
scoop3_total133g_09211836_set3,scoop3,scoop3_total_133g,133,5,8,337.828,-1.200782060623169,1.4857896566390991,0.6583826541900635,-1.0906513381314653e-07,1.2992023812330444e-07,0.15751631557941437,0.29024797677993774
scoop3_total133g_09211836_set3,scoop3,scoop3_total_133g,133,5,9,338.648,-1.2043555974960327,1.4564288854599,0.5547489523887634,-1.0453906895691034e-07,1.2452871089863038e-07,0.15097959339618683,0.26729097962379456
scoop3_total133g_09211836_set3,scoop3,scoop3_total_133g,133,5,10,339.467,-1.2210252285003662,1.472449779510498,0.5093129277229309,-1.0612964729261876e-07,1.2642342994695355e-07,0.15327677130699158,0.29011544585227966
scoop3_total133g_09211836_set3,scoop3,scoop3_total_133g,133,5,11,340.290,-1.3056491613388062,1.5538395643234253,0.7085462808609009,-1.063448848981352e-07,1.2663545589930436e-07,0.1535659283399582,0.30423930287361145
scoop3_total133g_09211836_set3,scoop3,scoop3_total_133g,133,5,12,341.107,-1.287309169769287,1.5198955535888672,0.5597363114356995,-1.0630260760535748e-07,1.2662947312946926e-07,0.15352655947208405,0.27036187052726746
scoop3_total133g_09211836_set3,scoop3,scoop3_total_133g,133,5,13,341.927,-1.2603124380111694,1.4950586557388306,0.48425185680389404,-1.0577575437764608e-07,1.2600186494182708e-07,0.1527656614780426,0.28575077652931213
scoop3_total133g_09211836_set3,scoop3,scoop3_total_133g,133,5,14,342.747,-1.343766212463379,1.48552668094635,0.5103118419647217,-1.0124974636482875e-07,1.206104087714266e-07,0.14622901380062103,0.2989415228366852
scoop3_total133g_09211836_set3,scoop3,scoop3_total_133g,133,5,15,343.567,-1.3406208753585815,1.5775383710861206,0.6060898900032043,-1.0348426116024712e-07,1.2327220133556693e-07,0.149456188082695,0.2842751741409302
scoop3_total133g_09211836_set3,scoop3,scoop3_total_133g,133,5,16,344.387,-1.3172320127487183,1.532273530960083,0.5172432065010071,-1.0536343353351185e-07,1.2551070938116027e-07,0.15217016637325287,0.26780810952186584
scoop3_total133g_09211836_set3,scoop3,scoop3_total_133g,133,5,17,345.207,-1.3113071918487549,1.5121605396270752,0.4537681043148041,-1.0660718174904105e-07,1.2699227625034837e-07,0.15396644175052643,0.2849481403827667
scoop3_total133g_09211836_set3,scoop3,scoop3_total_133g,133,5,18,346.030,-1.2138087749481201,1.4766309261322021,0.489404559135437,-1.0527497096290972e-07,1.2540532168259233e-07,0.15204240381717682,0.28508803248405457
scoop3_total133g_09211836_set3,scoop3,scoop3_total_133g,133,5,19,346.847,-1.1146677732467651,1.4120393991470337,0.6367977261543274,-1.036369496887346e-07,1.234540860650668e-07,0.14967671036720276,0.28297945857048035
scoop3_total133g_09211836_set3,scoop3,scoop3_total_133g,133,5,20,347.670,-1.2171446084976196,1.4862799644470215,0.5251803398132324,-1.064977226405972e-07,1.268618916583364e-07,0.1538083553314209,0.2790444493293762
